<Annotataions>
	<image file="0001.jpg">
		<box height="25" left="56" top="506" width="203">
			<label>
				MEXICO, D. F.
			</label>
			<segs>
				56,506,89,506,123,506,157,506,191,506,225,506,259,506,259,531,225,531,191,531,157,531,123,531,89,531,56,531
			</segs>
			<pts x="68" y="519" />
			<pts x="92" y="519" />
			<pts x="113" y="519" />
			<pts x="129" y="519" />
			<pts x="147" y="519" />
			<pts x="166" y="519" />
			<pts x="182" y="526" />
			<pts x="189" y="517" />
			<pts x="204" y="518" />
			<pts x="219" y="524" />
			<pts x="228" y="517" />
			<pts x="237" y="517" />
			<pts x="251" y="524" />
		</box>
		<box height="28" left="54" top="471" width="204">
			<label>
				Tel.5-45-25-05
			</label>
			<segs>
				54,471,88,471,122,471,156,471,190,471,224,471,258,471,258,499,224,499,190,499,156,499,122,499,88,499,54,499
			</segs>
			<pts x="65" y="485" />
			<pts x="82" y="487" />
			<pts x="94" y="485" />
			<pts x="103" y="492" />
			<pts x="121" y="485" />
			<pts x="133" y="486" />
			<pts x="147" y="486" />
			<pts x="162" y="485" />
			<pts x="176" y="485" />
			<pts x="189" y="484" />
			<pts x="206" y="483" />
			<pts x="218" y="483" />
			<pts x="230" y="482" />
			<pts x="247" y="480" />
		</box>
		<box height="26" left="43" top="437" width="227">
			<label>
				Newton No. 136
			</label>
			<segs>
				43,437,80,437,118,437,156,437,194,437,232,437,270,437,270,463,232,463,194,463,156,463,118,463,80,463,43,463
			</segs>
			<pts x="54" y="451" />
			<pts x="75" y="455" />
			<pts x="93" y="453" />
			<pts x="108" y="451" />
			<pts x="124" y="451" />
			<pts x="140" y="453" />
			<pts x="155" y="451" />
			<pts x="171" y="449" />
			<pts x="192" y="452" />
			<pts x="204" y="454" />
			<pts x="214" y="448" />
			<pts x="226" y="447" />
			<pts x="242" y="447" />
			<pts x="259" y="446" />
		</box>
		<box height="98" left="25" top="129" width="248">
			<label>
				CEDROS
			</label>
			<segs>
				25,129,66,129,107,129,149,129,190,129,231,129,273,129,273,227,231,227,190,227,149,227,107,227,66,227,25,227
			</segs>
			<pts x="41" y="179" />
			<pts x="80" y="177" />
			<pts x="126" y="176" />
			<pts x="172" y="177" />
			<pts x="214" y="177" />
			<pts x="252" y="175" />
		</box>
		<box height="28" left="49" top="95" width="188">
			<label>
				PASTELERIA
			</label>
			<segs>
				52,99,82,98,113,97,144,97,175,96,206,95,237,95,237,114,205,115,174,117,143,118,111,120,80,121,49,123
			</segs>
			<pts x="64" y="110" />
			<pts x="81" y="111" />
			<pts x="101" y="108" />
			<pts x="119" y="109" />
			<pts x="137" y="107" />
			<pts x="156" y="106" />
			<pts x="174" y="105" />
			<pts x="196" y="106" />
			<pts x="210" y="106" />
			<pts x="226" y="104" />
		</box>
		<box height="82" left="24" top="9" width="233">
			<label>
				PANIFICADORA
			</label>
			<segs>
				24,79,60,31,98,15,136,9,175,10,215,24,257,65,240,84,205,44,172,34,139,32,106,40,74,54,43,91
			</segs>
			<pts x="40" y="76" />
			<pts x="52" y="58" />
			<pts x="71" y="41" />
			<pts x="90" y="32" />
			<pts x="107" y="25" />
			<pts x="125" y="24" />
			<pts x="142" y="20" />
			<pts x="166" y="21" />
			<pts x="191" y="27" />
			<pts x="213" y="35" />
			<pts x="231" y="51" />
			<pts x="243" y="69" />
		</box>
		<box height="23" left="117" top="59" width="51">
			<label>
				.Y.
			</label>
			<segs>
				117,59,125,59,134,59,142,59,151,59,159,59,168,59,168,82,159,82,151,82,142,82,134,82,125,82,117,82
			</segs>
			<pts x="125" y="75" />
			<pts x="143" y="72" />
			<pts x="163" y="74" />
		</box>
	</image>
</Annotataions>
